timestamp,service,metric,value
2026-07-22T08:00:00Z,billing-api,refund_poll_latency_p95_ms,127.1
2026-07-22T08:00:00Z,partner-gateway,gateway_5xx_ratio,0.0019
2026-07-22T08:00:00Z,payment-refund-svc,refund_backlog_depth,39.6
2026-07-22T08:00:00Z,payment-refund-svc,refund_processed_per_min,55.0
2026-07-22T08:01:00Z,billing-api,refund_poll_latency_p95_ms,115.2
2026-07-22T08:01:00Z,partner-gateway,gateway_5xx_ratio,0.002
2026-07-22T08:01:00Z,payment-refund-svc,refund_backlog_depth,39.6
2026-07-22T08:01:00Z,payment-refund-svc,refund_processed_per_min,55.0
2026-07-22T08:02:00Z,billing-api,refund_poll_latency_p95_ms,114.4
2026-07-22T08:02:00Z,partner-gateway,gateway_5xx_ratio,0.0019
2026-07-22T08:02:00Z,payment-refund-svc,refund_backlog_depth,39.5
2026-07-22T08:02:00Z,payment-refund-svc,refund_processed_per_min,55.0
2026-07-22T08:03:00Z,billing-api,refund_poll_latency_p95_ms,126.4
2026-07-22T08:03:00Z,partner-gateway,gateway_5xx_ratio,0.0019
2026-07-22T08:03:00Z,payment-refund-svc,refund_backlog_depth,39.1
2026-07-22T08:03:00Z,payment-refund-svc,refund_processed_per_min,55.0
2026-07-22T08:04:00Z,billing-api,refund_poll_latency_p95_ms,119.8
2026-07-22T08:04:00Z,partner-gateway,gateway_5xx_ratio,0.0019
2026-07-22T08:04:00Z,payment-refund-svc,refund_backlog_depth,38.1
2026-07-22T08:04:00Z,payment-refund-svc,refund_processed_per_min,55.0
2026-07-22T08:05:00Z,billing-api,refund_poll_latency_p95_ms,121.4
2026-07-22T08:05:00Z,partner-gateway,gateway_5xx_ratio,0.0019
2026-07-22T08:05:00Z,payment-refund-svc,refund_backlog_depth,37.8
2026-07-22T08:05:00Z,payment-refund-svc,refund_processed_per_min,55.0
2026-07-22T08:06:00Z,billing-api,refund_poll_latency_p95_ms,121.0
2026-07-22T08:06:00Z,partner-gateway,gateway_5xx_ratio,0.002
2026-07-22T08:06:00Z,payment-refund-svc,refund_backlog_depth,38.2
2026-07-22T08:06:00Z,payment-refund-svc,refund_processed_per_min,55.0
2026-07-22T08:07:00Z,billing-api,refund_poll_latency_p95_ms,128.1
2026-07-22T08:07:00Z,partner-gateway,gateway_5xx_ratio,0.0018
2026-07-22T08:07:00Z,payment-refund-svc,refund_backlog_depth,41.8
2026-07-22T08:07:00Z,payment-refund-svc,refund_processed_per_min,55.0
2026-07-22T08:08:00Z,billing-api,refund_poll_latency_p95_ms,128.9
2026-07-22T08:08:00Z,partner-gateway,gateway_5xx_ratio,0.0019
2026-07-22T08:08:00Z,payment-refund-svc,refund_backlog_depth,39.1
2026-07-22T08:08:00Z,payment-refund-svc,refund_processed_per_min,55.0
2026-07-22T08:09:00Z,billing-api,refund_poll_latency_p95_ms,128.1
2026-07-22T08:09:00Z,partner-gateway,gateway_5xx_ratio,0.0022
2026-07-22T08:09:00Z,payment-refund-svc,refund_backlog_depth,38.2
2026-07-22T08:09:00Z,payment-refund-svc,refund_processed_per_min,55.0
2026-07-22T08:10:00Z,billing-api,refund_poll_latency_p95_ms,121.0
2026-07-22T08:10:00Z,partner-gateway,gateway_5xx_ratio,0.0021
2026-07-22T08:10:00Z,payment-refund-svc,refund_backlog_depth,42.3
2026-07-22T08:10:00Z,payment-refund-svc,refund_processed_per_min,55.0
2026-07-22T08:11:00Z,billing-api,refund_poll_latency_p95_ms,110.6
2026-07-22T08:11:00Z,partner-gateway,gateway_5xx_ratio,0.002
2026-07-22T08:11:00Z,payment-refund-svc,refund_backlog_depth,40.5
2026-07-22T08:11:00Z,payment-refund-svc,refund_processed_per_min,55.0
2026-07-22T08:12:00Z,billing-api,refund_poll_latency_p95_ms,128.9
2026-07-22T08:12:00Z,partner-gateway,gateway_5xx_ratio,0.0022
2026-07-22T08:12:00Z,payment-refund-svc,refund_backlog_depth,39.6
2026-07-22T08:12:00Z,payment-refund-svc,refund_processed_per_min,55.0
2026-07-22T08:13:00Z,billing-api,refund_poll_latency_p95_ms,116.2
2026-07-22T08:13:00Z,partner-gateway,gateway_5xx_ratio,0.0019
2026-07-22T08:13:00Z,payment-refund-svc,refund_backlog_depth,38.4
2026-07-22T08:13:00Z,payment-refund-svc,refund_processed_per_min,55.0
2026-07-22T08:14:00Z,billing-api,refund_poll_latency_p95_ms,125.3
2026-07-22T08:14:00Z,partner-gateway,gateway_5xx_ratio,0.0019
2026-07-22T08:14:00Z,payment-refund-svc,refund_backlog_depth,42.2
2026-07-22T08:14:00Z,payment-refund-svc,refund_processed_per_min,55.0
2026-07-22T08:15:00Z,billing-api,refund_poll_latency_p95_ms,122.2
2026-07-22T08:15:00Z,partner-gateway,gateway_5xx_ratio,0.0021
2026-07-22T08:15:00Z,payment-refund-svc,refund_backlog_depth,40.8
2026-07-22T08:15:00Z,payment-refund-svc,refund_processed_per_min,55.0
2026-07-22T08:16:00Z,billing-api,refund_poll_latency_p95_ms,110.9
2026-07-22T08:16:00Z,partner-gateway,gateway_5xx_ratio,0.0019
2026-07-22T08:16:00Z,payment-refund-svc,refund_backlog_depth,42.0
2026-07-22T08:16:00Z,payment-refund-svc,refund_processed_per_min,55.0
2026-07-22T08:17:00Z,billing-api,refund_poll_latency_p95_ms,129.3
2026-07-22T08:17:00Z,partner-gateway,gateway_5xx_ratio,0.0021
2026-07-22T08:17:00Z,payment-refund-svc,refund_backlog_depth,38.6
2026-07-22T08:17:00Z,payment-refund-svc,refund_processed_per_min,55.0
2026-07-22T08:18:00Z,billing-api,refund_poll_latency_p95_ms,117.3
2026-07-22T08:18:00Z,partner-gateway,gateway_5xx_ratio,0.0019
2026-07-22T08:18:00Z,payment-refund-svc,refund_backlog_depth,41.6
2026-07-22T08:18:00Z,payment-refund-svc,refund_processed_per_min,55.0
2026-07-22T08:19:00Z,billing-api,refund_poll_latency_p95_ms,116.3
2026-07-22T08:19:00Z,partner-gateway,gateway_5xx_ratio,0.0021
2026-07-22T08:19:00Z,payment-refund-svc,refund_backlog_depth,39.8
2026-07-22T08:19:00Z,payment-refund-svc,refund_processed_per_min,55.0
2026-07-22T08:20:00Z,billing-api,refund_poll_latency_p95_ms,128.0
2026-07-22T08:20:00Z,partner-gateway,gateway_5xx_ratio,0.0019
2026-07-22T08:20:00Z,payment-refund-svc,refund_backlog_depth,40.0
2026-07-22T08:20:00Z,payment-refund-svc,refund_processed_per_min,55.0
2026-07-22T08:21:00Z,billing-api,refund_poll_latency_p95_ms,127.5
2026-07-22T08:21:00Z,partner-gateway,gateway_5xx_ratio,0.0021
2026-07-22T08:21:00Z,payment-refund-svc,refund_backlog_depth,42.3
2026-07-22T08:21:00Z,payment-refund-svc,refund_processed_per_min,55.0
2026-07-22T08:22:00Z,billing-api,refund_poll_latency_p95_ms,122.9
2026-07-22T08:22:00Z,partner-gateway,gateway_5xx_ratio,0.0018
2026-07-22T08:22:00Z,payment-refund-svc,refund_backlog_depth,41.9
2026-07-22T08:22:00Z,payment-refund-svc,refund_processed_per_min,55.0
2026-07-22T08:23:00Z,billing-api,refund_poll_latency_p95_ms,127.7
2026-07-22T08:23:00Z,partner-gateway,gateway_5xx_ratio,0.0021
2026-07-22T08:23:00Z,payment-refund-svc,refund_backlog_depth,38.3
2026-07-22T08:23:00Z,payment-refund-svc,refund_processed_per_min,55.0
2026-07-22T08:24:00Z,billing-api,refund_poll_latency_p95_ms,117.4
2026-07-22T08:24:00Z,partner-gateway,gateway_5xx_ratio,0.0021
2026-07-22T08:24:00Z,payment-refund-svc,refund_backlog_depth,37.9
2026-07-22T08:24:00Z,payment-refund-svc,refund_processed_per_min,55.0
2026-07-22T08:25:00Z,billing-api,refund_poll_latency_p95_ms,124.1
2026-07-22T08:25:00Z,partner-gateway,gateway_5xx_ratio,0.002
2026-07-22T08:25:00Z,payment-refund-svc,refund_backlog_depth,39.6
2026-07-22T08:25:00Z,payment-refund-svc,refund_processed_per_min,55.0
2026-07-22T08:26:00Z,billing-api,refund_poll_latency_p95_ms,126.4
2026-07-22T08:26:00Z,partner-gateway,gateway_5xx_ratio,0.002
2026-07-22T08:26:00Z,payment-refund-svc,refund_backlog_depth,41.5
2026-07-22T08:26:00Z,payment-refund-svc,refund_processed_per_min,55.0
2026-07-22T08:27:00Z,billing-api,refund_poll_latency_p95_ms,121.1
2026-07-22T08:27:00Z,partner-gateway,gateway_5xx_ratio,0.0022
2026-07-22T08:27:00Z,payment-refund-svc,refund_backlog_depth,40.9
2026-07-22T08:27:00Z,payment-refund-svc,refund_processed_per_min,55.0
2026-07-22T08:28:00Z,billing-api,refund_poll_latency_p95_ms,115.1
2026-07-22T08:28:00Z,partner-gateway,gateway_5xx_ratio,0.0021
2026-07-22T08:28:00Z,payment-refund-svc,refund_backlog_depth,40.9
2026-07-22T08:28:00Z,payment-refund-svc,refund_processed_per_min,55.0
2026-07-22T08:29:00Z,billing-api,refund_poll_latency_p95_ms,112.9
2026-07-22T08:29:00Z,partner-gateway,gateway_5xx_ratio,0.0021
2026-07-22T08:29:00Z,payment-refund-svc,refund_backlog_depth,41.6
2026-07-22T08:29:00Z,payment-refund-svc,refund_processed_per_min,55.0
2026-07-22T08:30:00Z,billing-api,refund_poll_latency_p95_ms,121.4
2026-07-22T08:30:00Z,partner-gateway,gateway_5xx_ratio,0.0022
2026-07-22T08:30:00Z,payment-refund-svc,refund_backlog_depth,39.8
2026-07-22T08:30:00Z,payment-refund-svc,refund_processed_per_min,55.0
2026-07-22T08:31:00Z,billing-api,refund_poll_latency_p95_ms,122.4
2026-07-22T08:31:00Z,partner-gateway,gateway_5xx_ratio,0.0019
2026-07-22T08:31:00Z,payment-refund-svc,refund_backlog_depth,39.6
2026-07-22T08:31:00Z,payment-refund-svc,refund_processed_per_min,55.0
2026-07-22T08:32:00Z,billing-api,refund_poll_latency_p95_ms,126.8
2026-07-22T08:32:00Z,partner-gateway,gateway_5xx_ratio,0.0019
2026-07-22T08:32:00Z,payment-refund-svc,refund_backlog_depth,40.5
2026-07-22T08:32:00Z,payment-refund-svc,refund_processed_per_min,55.0
2026-07-22T08:33:00Z,billing-api,refund_poll_latency_p95_ms,119.5
2026-07-22T08:33:00Z,partner-gateway,gateway_5xx_ratio,0.0021
2026-07-22T08:33:00Z,payment-refund-svc,refund_backlog_depth,38.7
2026-07-22T08:33:00Z,payment-refund-svc,refund_processed_per_min,55.0
2026-07-22T08:34:00Z,billing-api,refund_poll_latency_p95_ms,115.2
2026-07-22T08:34:00Z,partner-gateway,gateway_5xx_ratio,0.002
2026-07-22T08:34:00Z,payment-refund-svc,refund_backlog_depth,41.3
2026-07-22T08:34:00Z,payment-refund-svc,refund_processed_per_min,55.0
2026-07-22T08:35:00Z,billing-api,refund_poll_latency_p95_ms,121.0
2026-07-22T08:35:00Z,partner-gateway,gateway_5xx_ratio,0.0019
2026-07-22T08:35:00Z,payment-refund-svc,refund_backlog_depth,40.7
2026-07-22T08:35:00Z,payment-refund-svc,refund_processed_per_min,55.0
2026-07-22T08:36:00Z,billing-api,refund_poll_latency_p95_ms,120.9
2026-07-22T08:36:00Z,partner-gateway,gateway_5xx_ratio,0.0021
2026-07-22T08:36:00Z,payment-refund-svc,refund_backlog_depth,41.3
2026-07-22T08:36:00Z,payment-refund-svc,refund_processed_per_min,55.0
2026-07-22T08:37:00Z,billing-api,refund_poll_latency_p95_ms,111.8
2026-07-22T08:37:00Z,partner-gateway,gateway_5xx_ratio,0.0019
2026-07-22T08:37:00Z,payment-refund-svc,refund_backlog_depth,41.8
2026-07-22T08:37:00Z,payment-refund-svc,refund_processed_per_min,55.0
2026-07-22T08:38:00Z,billing-api,refund_poll_latency_p95_ms,113.6
2026-07-22T08:38:00Z,partner-gateway,gateway_5xx_ratio,0.0019
2026-07-22T08:38:00Z,payment-refund-svc,refund_backlog_depth,42.0
2026-07-22T08:38:00Z,payment-refund-svc,refund_processed_per_min,55.0
2026-07-22T08:39:00Z,billing-api,refund_poll_latency_p95_ms,120.1
2026-07-22T08:39:00Z,partner-gateway,gateway_5xx_ratio,0.0022
2026-07-22T08:39:00Z,payment-refund-svc,refund_backlog_depth,39.5
2026-07-22T08:39:00Z,payment-refund-svc,refund_processed_per_min,55.0
2026-07-22T08:40:00Z,billing-api,refund_poll_latency_p95_ms,128.6
2026-07-22T08:40:00Z,partner-gateway,gateway_5xx_ratio,0.0018
2026-07-22T08:40:00Z,payment-refund-svc,refund_backlog_depth,39.0
2026-07-22T08:40:00Z,payment-refund-svc,refund_processed_per_min,55.0
2026-07-22T08:41:00Z,billing-api,refund_poll_latency_p95_ms,115.9
2026-07-22T08:41:00Z,partner-gateway,gateway_5xx_ratio,0.002
2026-07-22T08:41:00Z,payment-refund-svc,refund_backlog_depth,39.9
2026-07-22T08:41:00Z,payment-refund-svc,refund_processed_per_min,55.0
2026-07-22T08:42:00Z,billing-api,refund_poll_latency_p95_ms,120.0
2026-07-22T08:42:00Z,partner-gateway,gateway_5xx_ratio,0.0019
2026-07-22T08:42:00Z,payment-refund-svc,refund_backlog_depth,38.9
2026-07-22T08:42:00Z,payment-refund-svc,refund_processed_per_min,55.0
2026-07-22T08:43:00Z,billing-api,refund_poll_latency_p95_ms,127.4
2026-07-22T08:43:00Z,partner-gateway,gateway_5xx_ratio,0.0019
2026-07-22T08:43:00Z,payment-refund-svc,refund_backlog_depth,38.7
2026-07-22T08:43:00Z,payment-refund-svc,refund_processed_per_min,55.0
2026-07-22T08:44:00Z,billing-api,refund_poll_latency_p95_ms,128.8
2026-07-22T08:44:00Z,partner-gateway,gateway_5xx_ratio,0.0018
2026-07-22T08:44:00Z,payment-refund-svc,refund_backlog_depth,38.4
2026-07-22T08:44:00Z,payment-refund-svc,refund_processed_per_min,55.0
2026-07-22T08:45:00Z,billing-api,refund_poll_latency_p95_ms,122.7
2026-07-22T08:45:00Z,partner-gateway,gateway_5xx_ratio,0.0021
2026-07-22T08:45:00Z,payment-refund-svc,refund_backlog_depth,40.5
2026-07-22T08:45:00Z,payment-refund-svc,refund_processed_per_min,55.0
2026-07-22T08:46:00Z,billing-api,refund_poll_latency_p95_ms,113.7
2026-07-22T08:46:00Z,partner-gateway,gateway_5xx_ratio,0.0019
2026-07-22T08:46:00Z,payment-refund-svc,refund_backlog_depth,38.0
2026-07-22T08:46:00Z,payment-refund-svc,refund_processed_per_min,55.0
2026-07-22T08:47:00Z,billing-api,refund_poll_latency_p95_ms,120.1
2026-07-22T08:47:00Z,partner-gateway,gateway_5xx_ratio,0.0021
2026-07-22T08:47:00Z,payment-refund-svc,refund_backlog_depth,39.8
2026-07-22T08:47:00Z,payment-refund-svc,refund_processed_per_min,55.0
2026-07-22T08:48:00Z,billing-api,refund_poll_latency_p95_ms,112.8
2026-07-22T08:48:00Z,partner-gateway,gateway_5xx_ratio,0.0021
2026-07-22T08:48:00Z,payment-refund-svc,refund_backlog_depth,41.7
2026-07-22T08:48:00Z,payment-refund-svc,refund_processed_per_min,55.0
2026-07-22T08:49:00Z,billing-api,refund_poll_latency_p95_ms,120.9
2026-07-22T08:49:00Z,partner-gateway,gateway_5xx_ratio,0.0021
2026-07-22T08:49:00Z,payment-refund-svc,refund_backlog_depth,37.7
2026-07-22T08:49:00Z,payment-refund-svc,refund_processed_per_min,55.0
2026-07-22T08:50:00Z,billing-api,refund_poll_latency_p95_ms,110.9
2026-07-22T08:50:00Z,partner-gateway,gateway_5xx_ratio,0.0021
2026-07-22T08:50:00Z,payment-refund-svc,refund_backlog_depth,40.5
2026-07-22T08:50:00Z,payment-refund-svc,refund_processed_per_min,55.0
2026-07-22T08:51:00Z,billing-api,refund_poll_latency_p95_ms,122.0
2026-07-22T08:51:00Z,partner-gateway,gateway_5xx_ratio,0.0021
2026-07-22T08:51:00Z,payment-refund-svc,refund_backlog_depth,38.0
2026-07-22T08:51:00Z,payment-refund-svc,refund_processed_per_min,55.0
2026-07-22T08:52:00Z,billing-api,refund_poll_latency_p95_ms,125.5
2026-07-22T08:52:00Z,partner-gateway,gateway_5xx_ratio,0.002
2026-07-22T08:52:00Z,payment-refund-svc,refund_backlog_depth,40.4
2026-07-22T08:52:00Z,payment-refund-svc,refund_processed_per_min,55.0
2026-07-22T08:53:00Z,billing-api,refund_poll_latency_p95_ms,120.2
2026-07-22T08:53:00Z,partner-gateway,gateway_5xx_ratio,0.0019
2026-07-22T08:53:00Z,payment-refund-svc,refund_backlog_depth,41.6
2026-07-22T08:53:00Z,payment-refund-svc,refund_processed_per_min,55.0
2026-07-22T08:54:00Z,billing-api,refund_poll_latency_p95_ms,119.0
2026-07-22T08:54:00Z,partner-gateway,gateway_5xx_ratio,0.0021
2026-07-22T08:54:00Z,payment-refund-svc,refund_backlog_depth,38.0
2026-07-22T08:54:00Z,payment-refund-svc,refund_processed_per_min,55.0
2026-07-22T08:55:00Z,billing-api,refund_poll_latency_p95_ms,127.6
2026-07-22T08:55:00Z,partner-gateway,gateway_5xx_ratio,0.0021
2026-07-22T08:55:00Z,payment-refund-svc,refund_backlog_depth,41.4
2026-07-22T08:55:00Z,payment-refund-svc,refund_processed_per_min,55.0
2026-07-22T08:56:00Z,billing-api,refund_poll_latency_p95_ms,120.6
2026-07-22T08:56:00Z,partner-gateway,gateway_5xx_ratio,0.0021
2026-07-22T08:56:00Z,payment-refund-svc,refund_backlog_depth,41.6
2026-07-22T08:56:00Z,payment-refund-svc,refund_processed_per_min,55.0
2026-07-22T08:57:00Z,billing-api,refund_poll_latency_p95_ms,114.9
2026-07-22T08:57:00Z,partner-gateway,gateway_5xx_ratio,0.0022
2026-07-22T08:57:00Z,payment-refund-svc,refund_backlog_depth,40.4
2026-07-22T08:57:00Z,payment-refund-svc,refund_processed_per_min,55.0
2026-07-22T08:58:00Z,billing-api,refund_poll_latency_p95_ms,117.9
2026-07-22T08:58:00Z,partner-gateway,gateway_5xx_ratio,0.0021
2026-07-22T08:58:00Z,payment-refund-svc,refund_backlog_depth,38.1
2026-07-22T08:58:00Z,payment-refund-svc,refund_processed_per_min,55.0
2026-07-22T08:59:00Z,billing-api,refund_poll_latency_p95_ms,118.1
2026-07-22T08:59:00Z,partner-gateway,gateway_5xx_ratio,0.0021
2026-07-22T08:59:00Z,payment-refund-svc,refund_backlog_depth,42.3
2026-07-22T08:59:00Z,payment-refund-svc,refund_processed_per_min,55.0
2026-07-22T09:00:00Z,billing-api,refund_poll_latency_p95_ms,126.4
2026-07-22T09:00:00Z,partner-gateway,gateway_5xx_ratio,0.0022
2026-07-22T09:00:00Z,payment-refund-svc,refund_backlog_depth,40.5
2026-07-22T09:00:00Z,payment-refund-svc,refund_processed_per_min,55.0
2026-07-22T09:01:00Z,billing-api,refund_poll_latency_p95_ms,117.5
2026-07-22T09:01:00Z,partner-gateway,gateway_5xx_ratio,0.002
2026-07-22T09:01:00Z,payment-refund-svc,refund_backlog_depth,40.0
2026-07-22T09:01:00Z,payment-refund-svc,refund_processed_per_min,55.0
2026-07-22T09:02:00Z,billing-api,refund_poll_latency_p95_ms,125.0
2026-07-22T09:02:00Z,partner-gateway,gateway_5xx_ratio,0.0018
2026-07-22T09:02:00Z,payment-refund-svc,refund_backlog_depth,42.1
2026-07-22T09:02:00Z,payment-refund-svc,refund_processed_per_min,55.0
2026-07-22T09:03:00Z,billing-api,refund_poll_latency_p95_ms,114.6
2026-07-22T09:03:00Z,partner-gateway,gateway_5xx_ratio,0.002
2026-07-22T09:03:00Z,payment-refund-svc,refund_backlog_depth,40.5
2026-07-22T09:03:00Z,payment-refund-svc,refund_processed_per_min,55.0
2026-07-22T09:04:00Z,billing-api,refund_poll_latency_p95_ms,125.8
2026-07-22T09:04:00Z,partner-gateway,gateway_5xx_ratio,0.0021
2026-07-22T09:04:00Z,payment-refund-svc,refund_backlog_depth,41.7
2026-07-22T09:04:00Z,payment-refund-svc,refund_processed_per_min,55.0
2026-07-22T09:05:00Z,billing-api,refund_poll_latency_p95_ms,120.7
2026-07-22T09:05:00Z,partner-gateway,gateway_5xx_ratio,0.0021
2026-07-22T09:05:00Z,payment-refund-svc,refund_backlog_depth,39.8
2026-07-22T09:05:00Z,payment-refund-svc,refund_processed_per_min,55.0
2026-07-22T09:06:00Z,billing-api,refund_poll_latency_p95_ms,114.3
2026-07-22T09:06:00Z,partner-gateway,gateway_5xx_ratio,0.0018
2026-07-22T09:06:00Z,payment-refund-svc,refund_backlog_depth,38.1
2026-07-22T09:06:00Z,payment-refund-svc,refund_processed_per_min,55.0
2026-07-22T09:07:00Z,billing-api,refund_poll_latency_p95_ms,116.2
2026-07-22T09:07:00Z,partner-gateway,gateway_5xx_ratio,0.0019
2026-07-22T09:07:00Z,payment-refund-svc,refund_backlog_depth,41.0
2026-07-22T09:07:00Z,payment-refund-svc,refund_processed_per_min,55.0
2026-07-22T09:08:00Z,billing-api,refund_poll_latency_p95_ms,115.4
2026-07-22T09:08:00Z,partner-gateway,gateway_5xx_ratio,0.002
2026-07-22T09:08:00Z,payment-refund-svc,refund_backlog_depth,37.7
2026-07-22T09:08:00Z,payment-refund-svc,refund_processed_per_min,55.0
2026-07-22T09:09:00Z,billing-api,refund_poll_latency_p95_ms,126.7
2026-07-22T09:09:00Z,partner-gateway,gateway_5xx_ratio,0.0021
2026-07-22T09:09:00Z,payment-refund-svc,refund_backlog_depth,40.9
2026-07-22T09:09:00Z,payment-refund-svc,refund_processed_per_min,55.0
2026-07-22T09:10:00Z,billing-api,refund_poll_latency_p95_ms,123.2
2026-07-22T09:10:00Z,partner-gateway,gateway_5xx_ratio,0.0021
2026-07-22T09:10:00Z,payment-refund-svc,refund_backlog_depth,39.9
2026-07-22T09:10:00Z,payment-refund-svc,refund_processed_per_min,55.0
2026-07-22T09:11:00Z,billing-api,refund_poll_latency_p95_ms,118.9
2026-07-22T09:11:00Z,partner-gateway,gateway_5xx_ratio,0.002
2026-07-22T09:11:00Z,payment-refund-svc,refund_backlog_depth,42.2
2026-07-22T09:11:00Z,payment-refund-svc,refund_processed_per_min,55.0
2026-07-22T09:12:00Z,billing-api,refund_poll_latency_p95_ms,122.7
2026-07-22T09:12:00Z,partner-gateway,gateway_5xx_ratio,0.0019
2026-07-22T09:12:00Z,payment-refund-svc,refund_backlog_depth,40.2
2026-07-22T09:12:00Z,payment-refund-svc,refund_processed_per_min,55.0
2026-07-22T09:13:00Z,billing-api,refund_poll_latency_p95_ms,120.3
2026-07-22T09:13:00Z,partner-gateway,gateway_5xx_ratio,0.0021
2026-07-22T09:13:00Z,payment-refund-svc,refund_backlog_depth,37.9
2026-07-22T09:13:00Z,payment-refund-svc,refund_processed_per_min,55.0
2026-07-22T09:14:00Z,billing-api,refund_poll_latency_p95_ms,119.7
2026-07-22T09:14:00Z,partner-gateway,gateway_5xx_ratio,0.0019
2026-07-22T09:14:00Z,payment-refund-svc,refund_backlog_depth,42.1
2026-07-22T09:14:00Z,payment-refund-svc,refund_processed_per_min,55.0
2026-07-22T09:15:00Z,billing-api,refund_poll_latency_p95_ms,112.1
2026-07-22T09:15:00Z,partner-gateway,gateway_5xx_ratio,0.0022
2026-07-22T09:15:00Z,payment-refund-svc,refund_backlog_depth,40.7
2026-07-22T09:15:00Z,payment-refund-svc,refund_processed_per_min,55.0
2026-07-22T09:16:00Z,billing-api,refund_poll_latency_p95_ms,111.8
2026-07-22T09:16:00Z,partner-gateway,gateway_5xx_ratio,0.0018
2026-07-22T09:16:00Z,payment-refund-svc,refund_backlog_depth,37.7
2026-07-22T09:16:00Z,payment-refund-svc,refund_processed_per_min,55.0
2026-07-22T09:17:00Z,billing-api,refund_poll_latency_p95_ms,116.7
2026-07-22T09:17:00Z,partner-gateway,gateway_5xx_ratio,0.0018
2026-07-22T09:17:00Z,payment-refund-svc,refund_backlog_depth,39.2
2026-07-22T09:17:00Z,payment-refund-svc,refund_processed_per_min,55.0
2026-07-22T09:18:00Z,billing-api,refund_poll_latency_p95_ms,127.0
2026-07-22T09:18:00Z,partner-gateway,gateway_5xx_ratio,0.0018
2026-07-22T09:18:00Z,payment-refund-svc,refund_backlog_depth,39.7
2026-07-22T09:18:00Z,payment-refund-svc,refund_processed_per_min,55.0
2026-07-22T09:19:00Z,billing-api,refund_poll_latency_p95_ms,116.9
2026-07-22T09:19:00Z,partner-gateway,gateway_5xx_ratio,0.0022
2026-07-22T09:19:00Z,payment-refund-svc,refund_backlog_depth,40.6
2026-07-22T09:19:00Z,payment-refund-svc,refund_processed_per_min,55.0
2026-07-22T09:20:00Z,billing-api,refund_poll_latency_p95_ms,112.1
2026-07-22T09:20:00Z,partner-gateway,gateway_5xx_ratio,0.0019
2026-07-22T09:20:00Z,payment-refund-svc,refund_backlog_depth,37.8
2026-07-22T09:20:00Z,payment-refund-svc,refund_processed_per_min,55.0
2026-07-22T09:21:00Z,billing-api,refund_poll_latency_p95_ms,119.0
2026-07-22T09:21:00Z,partner-gateway,gateway_5xx_ratio,0.0021
2026-07-22T09:21:00Z,payment-refund-svc,refund_backlog_depth,38.7
2026-07-22T09:21:00Z,payment-refund-svc,refund_processed_per_min,55.0
2026-07-22T09:22:00Z,billing-api,refund_poll_latency_p95_ms,116.7
2026-07-22T09:22:00Z,partner-gateway,gateway_5xx_ratio,0.0021
2026-07-22T09:22:00Z,payment-refund-svc,refund_backlog_depth,39.1
2026-07-22T09:22:00Z,payment-refund-svc,refund_processed_per_min,55.0
2026-07-22T09:23:00Z,billing-api,refund_poll_latency_p95_ms,121.0
2026-07-22T09:23:00Z,partner-gateway,gateway_5xx_ratio,0.002
2026-07-22T09:23:00Z,payment-refund-svc,refund_backlog_depth,40.2
2026-07-22T09:23:00Z,payment-refund-svc,refund_processed_per_min,55.0
2026-07-22T09:24:00Z,billing-api,refund_poll_latency_p95_ms,110.7
2026-07-22T09:24:00Z,partner-gateway,gateway_5xx_ratio,0.0021
2026-07-22T09:24:00Z,payment-refund-svc,refund_backlog_depth,41.0
2026-07-22T09:24:00Z,payment-refund-svc,refund_processed_per_min,55.0
2026-07-22T09:25:00Z,billing-api,refund_poll_latency_p95_ms,121.5
2026-07-22T09:25:00Z,partner-gateway,gateway_5xx_ratio,0.0022
2026-07-22T09:25:00Z,payment-refund-svc,refund_backlog_depth,41.0
2026-07-22T09:25:00Z,payment-refund-svc,refund_processed_per_min,55.0
2026-07-22T09:26:00Z,billing-api,refund_poll_latency_p95_ms,112.7
2026-07-22T09:26:00Z,partner-gateway,gateway_5xx_ratio,0.0021
2026-07-22T09:26:00Z,payment-refund-svc,refund_backlog_depth,42.3
2026-07-22T09:26:00Z,payment-refund-svc,refund_processed_per_min,55.0
2026-07-22T09:27:00Z,billing-api,refund_poll_latency_p95_ms,119.5
2026-07-22T09:27:00Z,partner-gateway,gateway_5xx_ratio,0.0019
2026-07-22T09:27:00Z,payment-refund-svc,refund_backlog_depth,38.4
2026-07-22T09:27:00Z,payment-refund-svc,refund_processed_per_min,55.0
2026-07-22T09:28:00Z,billing-api,refund_poll_latency_p95_ms,121.9
2026-07-22T09:28:00Z,partner-gateway,gateway_5xx_ratio,0.0019
2026-07-22T09:28:00Z,payment-refund-svc,refund_backlog_depth,41.2
2026-07-22T09:28:00Z,payment-refund-svc,refund_processed_per_min,55.0
2026-07-22T09:29:00Z,billing-api,refund_poll_latency_p95_ms,116.5
2026-07-22T09:29:00Z,partner-gateway,gateway_5xx_ratio,0.0022
2026-07-22T09:29:00Z,payment-refund-svc,refund_backlog_depth,38.5
2026-07-22T09:29:00Z,payment-refund-svc,refund_processed_per_min,55.0
2026-07-22T09:30:00Z,billing-api,refund_poll_latency_p95_ms,128.1
2026-07-22T09:30:00Z,partner-gateway,gateway_5xx_ratio,0.0019
2026-07-22T09:30:00Z,payment-refund-svc,refund_backlog_depth,42.3
2026-07-22T09:30:00Z,payment-refund-svc,refund_processed_per_min,55.0
2026-07-22T09:31:00Z,billing-api,refund_poll_latency_p95_ms,117.7
2026-07-22T09:31:00Z,partner-gateway,gateway_5xx_ratio,0.002
2026-07-22T09:31:00Z,payment-refund-svc,refund_backlog_depth,41.2
2026-07-22T09:31:00Z,payment-refund-svc,refund_processed_per_min,55.0
2026-07-22T09:32:00Z,billing-api,refund_poll_latency_p95_ms,117.4
2026-07-22T09:32:00Z,partner-gateway,gateway_5xx_ratio,0.0019
2026-07-22T09:32:00Z,payment-refund-svc,refund_backlog_depth,40.9
2026-07-22T09:32:00Z,payment-refund-svc,refund_processed_per_min,55.0
2026-07-22T09:33:00Z,billing-api,refund_poll_latency_p95_ms,122.2
2026-07-22T09:33:00Z,partner-gateway,gateway_5xx_ratio,0.0022
2026-07-22T09:33:00Z,payment-refund-svc,refund_backlog_depth,38.4
2026-07-22T09:33:00Z,payment-refund-svc,refund_processed_per_min,55.0
2026-07-22T09:34:00Z,billing-api,refund_poll_latency_p95_ms,123.8
2026-07-22T09:34:00Z,partner-gateway,gateway_5xx_ratio,0.0019
2026-07-22T09:34:00Z,payment-refund-svc,refund_backlog_depth,42.1
2026-07-22T09:34:00Z,payment-refund-svc,refund_processed_per_min,55.0
2026-07-22T09:35:00Z,billing-api,refund_poll_latency_p95_ms,116.8
2026-07-22T09:35:00Z,partner-gateway,gateway_5xx_ratio,0.0019
2026-07-22T09:35:00Z,payment-refund-svc,refund_backlog_depth,40.8
2026-07-22T09:35:00Z,payment-refund-svc,refund_processed_per_min,55.0
2026-07-22T09:36:00Z,billing-api,refund_poll_latency_p95_ms,112.3
2026-07-22T09:36:00Z,partner-gateway,gateway_5xx_ratio,0.002
2026-07-22T09:36:00Z,payment-refund-svc,refund_backlog_depth,41.4
2026-07-22T09:36:00Z,payment-refund-svc,refund_processed_per_min,55.0
2026-07-22T09:37:00Z,billing-api,refund_poll_latency_p95_ms,113.3
2026-07-22T09:37:00Z,partner-gateway,gateway_5xx_ratio,0.0019
2026-07-22T09:37:00Z,payment-refund-svc,refund_backlog_depth,41.4
2026-07-22T09:37:00Z,payment-refund-svc,refund_processed_per_min,55.0
2026-07-22T09:38:00Z,billing-api,refund_poll_latency_p95_ms,110.6
2026-07-22T09:38:00Z,partner-gateway,gateway_5xx_ratio,0.0019
2026-07-22T09:38:00Z,payment-refund-svc,refund_backlog_depth,41.3
2026-07-22T09:38:00Z,payment-refund-svc,refund_processed_per_min,55.0
2026-07-22T09:39:00Z,billing-api,refund_poll_latency_p95_ms,117.2
2026-07-22T09:39:00Z,partner-gateway,gateway_5xx_ratio,0.002
2026-07-22T09:39:00Z,payment-refund-svc,refund_backlog_depth,41.6
2026-07-22T09:39:00Z,payment-refund-svc,refund_processed_per_min,55.0
2026-07-22T09:40:00Z,billing-api,refund_poll_latency_p95_ms,129.3
2026-07-22T09:40:00Z,partner-gateway,gateway_5xx_ratio,0.002
2026-07-22T09:40:00Z,payment-refund-svc,refund_backlog_depth,41.9
2026-07-22T09:40:00Z,payment-refund-svc,refund_processed_per_min,55.0
2026-07-22T09:41:00Z,billing-api,refund_poll_latency_p95_ms,112.7
2026-07-22T09:41:00Z,partner-gateway,gateway_5xx_ratio,0.0095
2026-07-22T09:41:00Z,payment-refund-svc,refund_backlog_depth,42.2
2026-07-22T09:41:00Z,payment-refund-svc,refund_processed_per_min,55.0
2026-07-22T09:42:00Z,billing-api,refund_poll_latency_p95_ms,111.7
2026-07-22T09:42:00Z,partner-gateway,gateway_5xx_ratio,0.0188
2026-07-22T09:42:00Z,payment-refund-svc,refund_backlog_depth,37.7
2026-07-22T09:42:00Z,payment-refund-svc,refund_processed_per_min,55.0
2026-07-22T09:43:00Z,billing-api,refund_poll_latency_p95_ms,125.6
2026-07-22T09:43:00Z,partner-gateway,gateway_5xx_ratio,0.0279
2026-07-22T09:43:00Z,payment-refund-svc,refund_backlog_depth,39.5
2026-07-22T09:43:00Z,payment-refund-svc,refund_processed_per_min,55.0
2026-07-22T09:44:00Z,billing-api,refund_poll_latency_p95_ms,118.2
2026-07-22T09:44:00Z,partner-gateway,gateway_5xx_ratio,0.0332
2026-07-22T09:44:00Z,payment-refund-svc,refund_backlog_depth,38.0
2026-07-22T09:44:00Z,payment-refund-svc,refund_processed_per_min,55.0
2026-07-22T09:45:00Z,billing-api,refund_poll_latency_p95_ms,112.4
2026-07-22T09:45:00Z,partner-gateway,gateway_5xx_ratio,0.039
2026-07-22T09:45:00Z,payment-refund-svc,refund_backlog_depth,40.4
2026-07-22T09:45:00Z,payment-refund-svc,refund_processed_per_min,55.0
2026-07-22T09:46:00Z,billing-api,refund_poll_latency_p95_ms,126.5
2026-07-22T09:46:00Z,partner-gateway,gateway_5xx_ratio,0.0508
2026-07-22T09:46:00Z,payment-refund-svc,refund_backlog_depth,40.6
2026-07-22T09:46:00Z,payment-refund-svc,refund_processed_per_min,55.0
2026-07-22T09:47:00Z,billing-api,refund_poll_latency_p95_ms,117.9
2026-07-22T09:47:00Z,partner-gateway,gateway_5xx_ratio,0.0545
2026-07-22T09:47:00Z,payment-refund-svc,refund_backlog_depth,41.6
2026-07-22T09:47:00Z,payment-refund-svc,refund_processed_per_min,55.0
2026-07-22T09:48:00Z,billing-api,refund_poll_latency_p95_ms,116.9
2026-07-22T09:48:00Z,partner-gateway,gateway_5xx_ratio,0.0622
2026-07-22T09:48:00Z,payment-refund-svc,refund_backlog_depth,40.0
2026-07-22T09:48:00Z,payment-refund-svc,refund_processed_per_min,55.0
2026-07-22T09:49:00Z,billing-api,refund_poll_latency_p95_ms,119.4
2026-07-22T09:49:00Z,partner-gateway,gateway_5xx_ratio,0.0776
2026-07-22T09:49:00Z,payment-refund-svc,refund_backlog_depth,38.1
2026-07-22T09:49:00Z,payment-refund-svc,refund_processed_per_min,55.0
2026-07-22T09:50:00Z,billing-api,refund_poll_latency_p95_ms,122.3
2026-07-22T09:50:00Z,partner-gateway,gateway_5xx_ratio,0.0872
2026-07-22T09:50:00Z,payment-refund-svc,refund_backlog_depth,41.7
2026-07-22T09:50:00Z,payment-refund-svc,refund_processed_per_min,55.0
2026-07-22T09:51:00Z,billing-api,refund_poll_latency_p95_ms,128.9
2026-07-22T09:51:00Z,partner-gateway,gateway_5xx_ratio,0.0669
2026-07-22T09:51:00Z,payment-refund-svc,refund_backlog_depth,40.9
2026-07-22T09:51:00Z,payment-refund-svc,refund_processed_per_min,55.0
2026-07-22T09:52:00Z,billing-api,refund_poll_latency_p95_ms,128.7
2026-07-22T09:52:00Z,partner-gateway,gateway_5xx_ratio,0.0684
2026-07-22T09:52:00Z,payment-refund-svc,refund_backlog_depth,41.0
2026-07-22T09:52:00Z,payment-refund-svc,refund_processed_per_min,55.0
2026-07-22T09:53:00Z,billing-api,refund_poll_latency_p95_ms,126.5
2026-07-22T09:53:00Z,partner-gateway,gateway_5xx_ratio,0.0606
2026-07-22T09:53:00Z,payment-refund-svc,refund_backlog_depth,39.2
2026-07-22T09:53:00Z,payment-refund-svc,refund_processed_per_min,55.0
2026-07-22T09:54:00Z,billing-api,refund_poll_latency_p95_ms,128.6
2026-07-22T09:54:00Z,partner-gateway,gateway_5xx_ratio,0.0535
2026-07-22T09:54:00Z,payment-refund-svc,refund_backlog_depth,39.1
2026-07-22T09:54:00Z,payment-refund-svc,refund_processed_per_min,55.0
2026-07-22T09:55:00Z,billing-api,refund_poll_latency_p95_ms,119.9
2026-07-22T09:55:00Z,partner-gateway,gateway_5xx_ratio,0.0393
2026-07-22T09:55:00Z,payment-refund-svc,refund_backlog_depth,40.3
2026-07-22T09:55:00Z,payment-refund-svc,refund_processed_per_min,55.0
2026-07-22T09:56:00Z,billing-api,refund_poll_latency_p95_ms,129.2
2026-07-22T09:56:00Z,partner-gateway,gateway_5xx_ratio,0.0313
2026-07-22T09:56:00Z,payment-refund-svc,refund_backlog_depth,38.1
2026-07-22T09:56:00Z,payment-refund-svc,refund_processed_per_min,55.0
2026-07-22T09:57:00Z,billing-api,refund_poll_latency_p95_ms,113.1
2026-07-22T09:57:00Z,partner-gateway,gateway_5xx_ratio,0.0239
2026-07-22T09:57:00Z,payment-refund-svc,refund_backlog_depth,41.1
2026-07-22T09:57:00Z,payment-refund-svc,refund_processed_per_min,55.0
2026-07-22T09:58:00Z,billing-api,refund_poll_latency_p95_ms,128.9
2026-07-22T09:58:00Z,partner-gateway,gateway_5xx_ratio,0.017
2026-07-22T09:58:00Z,payment-refund-svc,refund_backlog_depth,38.4
2026-07-22T09:58:00Z,payment-refund-svc,refund_processed_per_min,55.0
2026-07-22T09:59:00Z,billing-api,refund_poll_latency_p95_ms,111.1
2026-07-22T09:59:00Z,partner-gateway,gateway_5xx_ratio,0.0096
2026-07-22T09:59:00Z,payment-refund-svc,refund_backlog_depth,41.9
2026-07-22T09:59:00Z,payment-refund-svc,refund_processed_per_min,55.0
2026-07-22T10:00:00Z,billing-api,refund_poll_latency_p95_ms,128.2
2026-07-22T10:00:00Z,partner-gateway,gateway_5xx_ratio,0.0021
2026-07-22T10:00:00Z,payment-refund-svc,refund_backlog_depth,40.1
2026-07-22T10:00:00Z,payment-refund-svc,refund_processed_per_min,55.0
2026-07-22T10:01:00Z,billing-api,refund_poll_latency_p95_ms,115.8
2026-07-22T10:01:00Z,partner-gateway,gateway_5xx_ratio,0.0021
2026-07-22T10:01:00Z,payment-refund-svc,refund_backlog_depth,38.7
2026-07-22T10:01:00Z,payment-refund-svc,refund_processed_per_min,55.0
2026-07-22T10:02:00Z,billing-api,refund_poll_latency_p95_ms,119.6
2026-07-22T10:02:00Z,partner-gateway,gateway_5xx_ratio,0.0021
2026-07-22T10:02:00Z,payment-refund-svc,refund_backlog_depth,38.7
2026-07-22T10:02:00Z,payment-refund-svc,refund_processed_per_min,55.0
2026-07-22T10:03:00Z,billing-api,refund_poll_latency_p95_ms,118.3
2026-07-22T10:03:00Z,partner-gateway,gateway_5xx_ratio,0.0018
2026-07-22T10:03:00Z,payment-refund-svc,refund_backlog_depth,41.3
2026-07-22T10:03:00Z,payment-refund-svc,refund_processed_per_min,55.0
2026-07-22T10:04:00Z,billing-api,refund_poll_latency_p95_ms,115.5
2026-07-22T10:04:00Z,partner-gateway,gateway_5xx_ratio,0.0021
2026-07-22T10:04:00Z,payment-refund-svc,refund_backlog_depth,41.5
2026-07-22T10:04:00Z,payment-refund-svc,refund_processed_per_min,55.0
2026-07-22T10:05:00Z,billing-api,refund_poll_latency_p95_ms,120.9
2026-07-22T10:05:00Z,partner-gateway,gateway_5xx_ratio,0.0018
2026-07-22T10:05:00Z,payment-refund-svc,refund_backlog_depth,38.2
2026-07-22T10:05:00Z,payment-refund-svc,refund_processed_per_min,55.0
2026-07-22T10:06:00Z,billing-api,refund_poll_latency_p95_ms,115.7
2026-07-22T10:06:00Z,partner-gateway,gateway_5xx_ratio,0.002
2026-07-22T10:06:00Z,payment-refund-svc,refund_backlog_depth,39.9
2026-07-22T10:06:00Z,payment-refund-svc,refund_processed_per_min,55.0
2026-07-22T10:07:00Z,billing-api,refund_poll_latency_p95_ms,120.2
2026-07-22T10:07:00Z,partner-gateway,gateway_5xx_ratio,0.0019
2026-07-22T10:07:00Z,payment-refund-svc,refund_backlog_depth,38.6
2026-07-22T10:07:00Z,payment-refund-svc,refund_processed_per_min,55.0
2026-07-22T10:08:00Z,billing-api,refund_poll_latency_p95_ms,115.0
2026-07-22T10:08:00Z,partner-gateway,gateway_5xx_ratio,0.0019
2026-07-22T10:08:00Z,payment-refund-svc,refund_backlog_depth,39.1
2026-07-22T10:08:00Z,payment-refund-svc,refund_processed_per_min,55.0
2026-07-22T10:09:00Z,billing-api,refund_poll_latency_p95_ms,114.3
2026-07-22T10:09:00Z,partner-gateway,gateway_5xx_ratio,0.0021
2026-07-22T10:09:00Z,payment-refund-svc,refund_backlog_depth,42.0
2026-07-22T10:09:00Z,payment-refund-svc,refund_processed_per_min,55.0
2026-07-22T10:10:00Z,billing-api,refund_poll_latency_p95_ms,125.7
2026-07-22T10:10:00Z,partner-gateway,gateway_5xx_ratio,0.0022
2026-07-22T10:10:00Z,payment-refund-svc,refund_backlog_depth,39.4
2026-07-22T10:10:00Z,payment-refund-svc,refund_processed_per_min,55.0
2026-07-22T10:11:00Z,billing-api,refund_poll_latency_p95_ms,119.2
2026-07-22T10:11:00Z,partner-gateway,gateway_5xx_ratio,0.0021
2026-07-22T10:11:00Z,payment-refund-svc,refund_backlog_depth,38.7
2026-07-22T10:11:00Z,payment-refund-svc,refund_processed_per_min,55.0
2026-07-22T10:12:00Z,billing-api,refund_poll_latency_p95_ms,114.6
2026-07-22T10:12:00Z,partner-gateway,gateway_5xx_ratio,0.002
2026-07-22T10:12:00Z,payment-refund-svc,refund_backlog_depth,40.2
2026-07-22T10:12:00Z,payment-refund-svc,refund_processed_per_min,55.0
2026-07-22T10:13:00Z,billing-api,refund_poll_latency_p95_ms,125.2
2026-07-22T10:13:00Z,partner-gateway,gateway_5xx_ratio,0.0019
2026-07-22T10:13:00Z,payment-refund-svc,refund_backlog_depth,41.9
2026-07-22T10:13:00Z,payment-refund-svc,refund_processed_per_min,55.0
2026-07-22T10:14:00Z,billing-api,refund_poll_latency_p95_ms,116.8
2026-07-22T10:14:00Z,partner-gateway,gateway_5xx_ratio,0.0021
2026-07-22T10:14:00Z,payment-refund-svc,refund_backlog_depth,41.8
2026-07-22T10:14:00Z,payment-refund-svc,refund_processed_per_min,55.0
2026-07-22T10:15:00Z,billing-api,refund_poll_latency_p95_ms,116.3
2026-07-22T10:15:00Z,partner-gateway,gateway_5xx_ratio,0.0022
2026-07-22T10:15:00Z,payment-refund-svc,refund_backlog_depth,37.6
2026-07-22T10:15:00Z,payment-refund-svc,refund_processed_per_min,55.0
2026-07-22T10:16:00Z,billing-api,refund_poll_latency_p95_ms,113.7
2026-07-22T10:16:00Z,partner-gateway,gateway_5xx_ratio,0.0019
2026-07-22T10:16:00Z,payment-refund-svc,refund_backlog_depth,39.2
2026-07-22T10:16:00Z,payment-refund-svc,refund_processed_per_min,55.0
2026-07-22T10:17:00Z,billing-api,refund_poll_latency_p95_ms,127.0
2026-07-22T10:17:00Z,partner-gateway,gateway_5xx_ratio,0.0019
2026-07-22T10:17:00Z,payment-refund-svc,refund_backlog_depth,41.0
2026-07-22T10:17:00Z,payment-refund-svc,refund_processed_per_min,55.0
2026-07-22T10:18:00Z,billing-api,refund_poll_latency_p95_ms,118.7
2026-07-22T10:18:00Z,partner-gateway,gateway_5xx_ratio,0.0019
2026-07-22T10:18:00Z,payment-refund-svc,refund_backlog_depth,39.3
2026-07-22T10:18:00Z,payment-refund-svc,refund_processed_per_min,55.0
2026-07-22T10:19:00Z,billing-api,refund_poll_latency_p95_ms,116.9
2026-07-22T10:19:00Z,partner-gateway,gateway_5xx_ratio,0.0021
2026-07-22T10:19:00Z,payment-refund-svc,refund_backlog_depth,41.7
2026-07-22T10:19:00Z,payment-refund-svc,refund_processed_per_min,55.0
2026-07-22T10:20:00Z,billing-api,refund_poll_latency_p95_ms,111.6
2026-07-22T10:20:00Z,partner-gateway,gateway_5xx_ratio,0.0019
2026-07-22T10:20:00Z,payment-refund-svc,refund_backlog_depth,38.5
2026-07-22T10:20:00Z,payment-refund-svc,refund_processed_per_min,55.0
2026-07-22T10:21:00Z,billing-api,refund_poll_latency_p95_ms,118.0
2026-07-22T10:21:00Z,partner-gateway,gateway_5xx_ratio,0.0018
2026-07-22T10:21:00Z,payment-refund-svc,refund_backlog_depth,42.0
2026-07-22T10:21:00Z,payment-refund-svc,refund_processed_per_min,55.0
2026-07-22T10:22:00Z,billing-api,refund_poll_latency_p95_ms,117.5
2026-07-22T10:22:00Z,partner-gateway,gateway_5xx_ratio,0.0018
2026-07-22T10:22:00Z,payment-refund-svc,refund_backlog_depth,37.9
2026-07-22T10:22:00Z,payment-refund-svc,refund_processed_per_min,55.0
2026-07-22T10:23:00Z,billing-api,refund_poll_latency_p95_ms,123.9
2026-07-22T10:23:00Z,partner-gateway,gateway_5xx_ratio,0.0019
2026-07-22T10:23:00Z,payment-refund-svc,refund_backlog_depth,41.3
2026-07-22T10:23:00Z,payment-refund-svc,refund_processed_per_min,55.0
2026-07-22T10:24:00Z,billing-api,refund_poll_latency_p95_ms,110.5
2026-07-22T10:24:00Z,partner-gateway,gateway_5xx_ratio,0.0022
2026-07-22T10:24:00Z,payment-refund-svc,refund_backlog_depth,42.4
2026-07-22T10:24:00Z,payment-refund-svc,refund_processed_per_min,55.0
2026-07-22T10:25:00Z,billing-api,refund_poll_latency_p95_ms,125.6
2026-07-22T10:25:00Z,partner-gateway,gateway_5xx_ratio,0.002
2026-07-22T10:25:00Z,payment-refund-svc,refund_backlog_depth,41.4
2026-07-22T10:25:00Z,payment-refund-svc,refund_processed_per_min,55.0
2026-07-22T10:26:00Z,billing-api,refund_poll_latency_p95_ms,118.6
2026-07-22T10:26:00Z,partner-gateway,gateway_5xx_ratio,0.0021
2026-07-22T10:26:00Z,payment-refund-svc,refund_backlog_depth,41.6
2026-07-22T10:26:00Z,payment-refund-svc,refund_processed_per_min,55.0
2026-07-22T10:27:00Z,billing-api,refund_poll_latency_p95_ms,118.5
2026-07-22T10:27:00Z,partner-gateway,gateway_5xx_ratio,0.002
2026-07-22T10:27:00Z,payment-refund-svc,refund_backlog_depth,40.3
2026-07-22T10:27:00Z,payment-refund-svc,refund_processed_per_min,55.0
2026-07-22T10:28:00Z,billing-api,refund_poll_latency_p95_ms,128.0
2026-07-22T10:28:00Z,partner-gateway,gateway_5xx_ratio,0.0021
2026-07-22T10:28:00Z,payment-refund-svc,refund_backlog_depth,42.3
2026-07-22T10:28:00Z,payment-refund-svc,refund_processed_per_min,55.0
2026-07-22T10:29:00Z,billing-api,refund_poll_latency_p95_ms,110.8
2026-07-22T10:29:00Z,partner-gateway,gateway_5xx_ratio,0.002
2026-07-22T10:29:00Z,payment-refund-svc,refund_backlog_depth,39.7
2026-07-22T10:29:00Z,payment-refund-svc,refund_processed_per_min,55.0
2026-07-22T10:30:00Z,billing-api,refund_poll_latency_p95_ms,111.6
2026-07-22T10:30:00Z,partner-gateway,gateway_5xx_ratio,0.0018
2026-07-22T10:30:00Z,payment-refund-svc,refund_backlog_depth,40.7
2026-07-22T10:30:00Z,payment-refund-svc,refund_processed_per_min,55.0
2026-07-22T10:31:00Z,billing-api,refund_poll_latency_p95_ms,120.9
2026-07-22T10:31:00Z,partner-gateway,gateway_5xx_ratio,0.0019
2026-07-22T10:31:00Z,payment-refund-svc,refund_backlog_depth,38.8
2026-07-22T10:31:00Z,payment-refund-svc,refund_processed_per_min,55.0
2026-07-22T10:32:00Z,billing-api,refund_poll_latency_p95_ms,121.4
2026-07-22T10:32:00Z,partner-gateway,gateway_5xx_ratio,0.0021
2026-07-22T10:32:00Z,payment-refund-svc,refund_backlog_depth,37.8
2026-07-22T10:32:00Z,payment-refund-svc,refund_processed_per_min,55.0
2026-07-22T10:33:00Z,billing-api,refund_poll_latency_p95_ms,128.5
2026-07-22T10:33:00Z,partner-gateway,gateway_5xx_ratio,0.0018
2026-07-22T10:33:00Z,payment-refund-svc,refund_backlog_depth,42.0
2026-07-22T10:33:00Z,payment-refund-svc,refund_processed_per_min,55.0
2026-07-22T10:34:00Z,billing-api,refund_poll_latency_p95_ms,127.2
2026-07-22T10:34:00Z,partner-gateway,gateway_5xx_ratio,0.0019
2026-07-22T10:34:00Z,payment-refund-svc,refund_backlog_depth,39.1
2026-07-22T10:34:00Z,payment-refund-svc,refund_processed_per_min,55.0
2026-07-22T10:35:00Z,billing-api,refund_poll_latency_p95_ms,126.7
2026-07-22T10:35:00Z,partner-gateway,gateway_5xx_ratio,0.0019
2026-07-22T10:35:00Z,payment-refund-svc,refund_backlog_depth,37.8
2026-07-22T10:35:00Z,payment-refund-svc,refund_processed_per_min,55.0
2026-07-22T10:36:00Z,billing-api,refund_poll_latency_p95_ms,120.4
2026-07-22T10:36:00Z,partner-gateway,gateway_5xx_ratio,0.0019
2026-07-22T10:36:00Z,payment-refund-svc,refund_backlog_depth,39.7
2026-07-22T10:36:00Z,payment-refund-svc,refund_processed_per_min,55.0
2026-07-22T10:37:00Z,billing-api,refund_poll_latency_p95_ms,111.8
2026-07-22T10:37:00Z,partner-gateway,gateway_5xx_ratio,0.0022
2026-07-22T10:37:00Z,payment-refund-svc,refund_backlog_depth,42.0
2026-07-22T10:37:00Z,payment-refund-svc,refund_processed_per_min,55.0
2026-07-22T10:38:00Z,billing-api,refund_poll_latency_p95_ms,116.6
2026-07-22T10:38:00Z,partner-gateway,gateway_5xx_ratio,0.0019
2026-07-22T10:38:00Z,payment-refund-svc,refund_backlog_depth,38.4
2026-07-22T10:38:00Z,payment-refund-svc,refund_processed_per_min,55.0
2026-07-22T10:39:00Z,billing-api,refund_poll_latency_p95_ms,127.8
2026-07-22T10:39:00Z,partner-gateway,gateway_5xx_ratio,0.0019
2026-07-22T10:39:00Z,payment-refund-svc,refund_backlog_depth,40.8
2026-07-22T10:39:00Z,payment-refund-svc,refund_processed_per_min,55.0
2026-07-22T10:40:00Z,billing-api,refund_poll_latency_p95_ms,113.0
2026-07-22T10:40:00Z,partner-gateway,gateway_5xx_ratio,0.002
2026-07-22T10:40:00Z,payment-refund-svc,refund_backlog_depth,40.5
2026-07-22T10:40:00Z,payment-refund-svc,refund_processed_per_min,55.0
2026-07-22T10:41:00Z,billing-api,refund_poll_latency_p95_ms,112.8
2026-07-22T10:41:00Z,partner-gateway,gateway_5xx_ratio,0.002
2026-07-22T10:41:00Z,payment-refund-svc,refund_backlog_depth,38.4
2026-07-22T10:41:00Z,payment-refund-svc,refund_processed_per_min,55.0
2026-07-22T10:42:00Z,billing-api,refund_poll_latency_p95_ms,128.5
2026-07-22T10:42:00Z,partner-gateway,gateway_5xx_ratio,0.002
2026-07-22T10:42:00Z,payment-refund-svc,refund_backlog_depth,40.7
2026-07-22T10:42:00Z,payment-refund-svc,refund_processed_per_min,55.0
2026-07-22T10:43:00Z,billing-api,refund_poll_latency_p95_ms,122.0
2026-07-22T10:43:00Z,partner-gateway,gateway_5xx_ratio,0.0022
2026-07-22T10:43:00Z,payment-refund-svc,refund_backlog_depth,41.9
2026-07-22T10:43:00Z,payment-refund-svc,refund_processed_per_min,55.0
2026-07-22T10:44:00Z,billing-api,refund_poll_latency_p95_ms,116.9
2026-07-22T10:44:00Z,partner-gateway,gateway_5xx_ratio,0.002
2026-07-22T10:44:00Z,payment-refund-svc,refund_backlog_depth,40.4
2026-07-22T10:44:00Z,payment-refund-svc,refund_processed_per_min,55.0
2026-07-22T10:45:00Z,billing-api,refund_poll_latency_p95_ms,122.3
2026-07-22T10:45:00Z,partner-gateway,gateway_5xx_ratio,0.0021
2026-07-22T10:45:00Z,payment-refund-svc,refund_backlog_depth,39.8
2026-07-22T10:45:00Z,payment-refund-svc,refund_processed_per_min,55.0
2026-07-22T10:46:00Z,billing-api,refund_poll_latency_p95_ms,129.3
2026-07-22T10:46:00Z,partner-gateway,gateway_5xx_ratio,0.002
2026-07-22T10:46:00Z,payment-refund-svc,refund_backlog_depth,40.3
2026-07-22T10:46:00Z,payment-refund-svc,refund_processed_per_min,55.0
2026-07-22T10:47:00Z,billing-api,refund_poll_latency_p95_ms,127.9
2026-07-22T10:47:00Z,partner-gateway,gateway_5xx_ratio,0.002
2026-07-22T10:47:00Z,payment-refund-svc,refund_backlog_depth,40.0
2026-07-22T10:47:00Z,payment-refund-svc,refund_processed_per_min,55.0
2026-07-22T10:48:00Z,billing-api,refund_poll_latency_p95_ms,124.1
2026-07-22T10:48:00Z,partner-gateway,gateway_5xx_ratio,0.0021
2026-07-22T10:48:00Z,payment-refund-svc,refund_backlog_depth,39.7
2026-07-22T10:48:00Z,payment-refund-svc,refund_processed_per_min,55.0
2026-07-22T10:49:00Z,billing-api,refund_poll_latency_p95_ms,125.9
2026-07-22T10:49:00Z,partner-gateway,gateway_5xx_ratio,0.002
2026-07-22T10:49:00Z,payment-refund-svc,refund_backlog_depth,40.3
2026-07-22T10:49:00Z,payment-refund-svc,refund_processed_per_min,55.0
2026-07-22T10:50:00Z,billing-api,refund_poll_latency_p95_ms,117.3
2026-07-22T10:50:00Z,partner-gateway,gateway_5xx_ratio,0.0021
2026-07-22T10:50:00Z,payment-refund-svc,refund_backlog_depth,39.1
2026-07-22T10:50:00Z,payment-refund-svc,refund_processed_per_min,55.0
2026-07-22T10:51:00Z,billing-api,refund_poll_latency_p95_ms,117.2
2026-07-22T10:51:00Z,partner-gateway,gateway_5xx_ratio,0.002
2026-07-22T10:51:00Z,payment-refund-svc,refund_backlog_depth,42.1
2026-07-22T10:51:00Z,payment-refund-svc,refund_processed_per_min,55.0
2026-07-22T10:52:00Z,billing-api,refund_poll_latency_p95_ms,122.9
2026-07-22T10:52:00Z,partner-gateway,gateway_5xx_ratio,0.0019
2026-07-22T10:52:00Z,payment-refund-svc,refund_backlog_depth,41.1
2026-07-22T10:52:00Z,payment-refund-svc,refund_processed_per_min,55.0
2026-07-22T10:53:00Z,billing-api,refund_poll_latency_p95_ms,114.8
2026-07-22T10:53:00Z,partner-gateway,gateway_5xx_ratio,0.0018
2026-07-22T10:53:00Z,payment-refund-svc,refund_backlog_depth,40.1
2026-07-22T10:53:00Z,payment-refund-svc,refund_processed_per_min,55.0
2026-07-22T10:54:00Z,billing-api,refund_poll_latency_p95_ms,128.9
2026-07-22T10:54:00Z,partner-gateway,gateway_5xx_ratio,0.0022
2026-07-22T10:54:00Z,payment-refund-svc,refund_backlog_depth,39.3
2026-07-22T10:54:00Z,payment-refund-svc,refund_processed_per_min,55.0
2026-07-22T10:55:00Z,billing-api,refund_poll_latency_p95_ms,122.8
2026-07-22T10:55:00Z,partner-gateway,gateway_5xx_ratio,0.002
2026-07-22T10:55:00Z,payment-refund-svc,refund_backlog_depth,38.0
2026-07-22T10:55:00Z,payment-refund-svc,refund_processed_per_min,55.0
2026-07-22T10:56:00Z,billing-api,refund_poll_latency_p95_ms,117.1
2026-07-22T10:56:00Z,partner-gateway,gateway_5xx_ratio,0.002
2026-07-22T10:56:00Z,payment-refund-svc,refund_backlog_depth,40.4
2026-07-22T10:56:00Z,payment-refund-svc,refund_processed_per_min,55.0
2026-07-22T10:57:00Z,billing-api,refund_poll_latency_p95_ms,122.4
2026-07-22T10:57:00Z,partner-gateway,gateway_5xx_ratio,0.0021
2026-07-22T10:57:00Z,payment-refund-svc,refund_backlog_depth,40.3
2026-07-22T10:57:00Z,payment-refund-svc,refund_processed_per_min,55.0
2026-07-22T10:58:00Z,billing-api,refund_poll_latency_p95_ms,113.0
2026-07-22T10:58:00Z,partner-gateway,gateway_5xx_ratio,0.0022
2026-07-22T10:58:00Z,payment-refund-svc,refund_backlog_depth,41.9
2026-07-22T10:58:00Z,payment-refund-svc,refund_processed_per_min,55.0
2026-07-22T10:59:00Z,billing-api,refund_poll_latency_p95_ms,120.0
2026-07-22T10:59:00Z,partner-gateway,gateway_5xx_ratio,0.002
2026-07-22T10:59:00Z,payment-refund-svc,refund_backlog_depth,39.7
2026-07-22T10:59:00Z,payment-refund-svc,refund_processed_per_min,55.0
2026-07-22T11:00:00Z,billing-api,refund_poll_latency_p95_ms,117.8
2026-07-22T11:00:00Z,partner-gateway,gateway_5xx_ratio,0.0021
2026-07-22T11:00:00Z,payment-refund-svc,refund_backlog_depth,40.5
2026-07-22T11:00:00Z,payment-refund-svc,refund_processed_per_min,55.0
2026-07-22T11:01:00Z,billing-api,refund_poll_latency_p95_ms,111.0
2026-07-22T11:01:00Z,partner-gateway,gateway_5xx_ratio,0.002
2026-07-22T11:01:00Z,payment-refund-svc,refund_backlog_depth,41.7
2026-07-22T11:01:00Z,payment-refund-svc,refund_processed_per_min,55.0
2026-07-22T11:02:00Z,billing-api,refund_poll_latency_p95_ms,112.6
2026-07-22T11:02:00Z,partner-gateway,gateway_5xx_ratio,0.0019
2026-07-22T11:02:00Z,payment-refund-svc,refund_backlog_depth,39.5
2026-07-22T11:02:00Z,payment-refund-svc,refund_processed_per_min,0.0
2026-07-22T11:03:00Z,billing-api,refund_poll_latency_p95_ms,126.0
2026-07-22T11:03:00Z,partner-gateway,gateway_5xx_ratio,0.0022
2026-07-22T11:03:00Z,payment-refund-svc,refund_backlog_depth,101.4
2026-07-22T11:03:00Z,payment-refund-svc,refund_processed_per_min,0.0
2026-07-22T11:04:00Z,billing-api,refund_poll_latency_p95_ms,118.4
2026-07-22T11:04:00Z,partner-gateway,gateway_5xx_ratio,0.0022
2026-07-22T11:04:00Z,payment-refund-svc,refund_backlog_depth,161.0
2026-07-22T11:04:00Z,payment-refund-svc,refund_processed_per_min,0.0
2026-07-22T11:05:00Z,billing-api,refund_poll_latency_p95_ms,113.9
2026-07-22T11:05:00Z,partner-gateway,gateway_5xx_ratio,0.0021
2026-07-22T11:05:00Z,payment-refund-svc,refund_backlog_depth,225.9
2026-07-22T11:05:00Z,payment-refund-svc,refund_processed_per_min,0.0
2026-07-22T11:06:00Z,billing-api,refund_poll_latency_p95_ms,118.8
2026-07-22T11:06:00Z,partner-gateway,gateway_5xx_ratio,0.0019
2026-07-22T11:06:00Z,payment-refund-svc,refund_backlog_depth,274.3
2026-07-22T11:06:00Z,payment-refund-svc,refund_processed_per_min,0.0
2026-07-22T11:07:00Z,billing-api,refund_poll_latency_p95_ms,118.1
2026-07-22T11:07:00Z,partner-gateway,gateway_5xx_ratio,0.0019
2026-07-22T11:07:00Z,payment-refund-svc,refund_backlog_depth,317.2
2026-07-22T11:07:00Z,payment-refund-svc,refund_processed_per_min,0.0
2026-07-22T11:08:00Z,billing-api,refund_poll_latency_p95_ms,120.5
2026-07-22T11:08:00Z,partner-gateway,gateway_5xx_ratio,0.0022
2026-07-22T11:08:00Z,payment-refund-svc,refund_backlog_depth,400.3
2026-07-22T11:08:00Z,payment-refund-svc,refund_processed_per_min,0.0
2026-07-22T11:09:00Z,billing-api,refund_poll_latency_p95_ms,111.5
2026-07-22T11:09:00Z,partner-gateway,gateway_5xx_ratio,0.0021
2026-07-22T11:09:00Z,payment-refund-svc,refund_backlog_depth,444.8
2026-07-22T11:09:00Z,payment-refund-svc,refund_processed_per_min,0.0
2026-07-22T11:10:00Z,billing-api,refund_poll_latency_p95_ms,122.4
2026-07-22T11:10:00Z,partner-gateway,gateway_5xx_ratio,0.002
2026-07-22T11:10:00Z,payment-refund-svc,refund_backlog_depth,499.1
2026-07-22T11:10:00Z,payment-refund-svc,refund_processed_per_min,0.0
2026-07-22T11:11:00Z,billing-api,refund_poll_latency_p95_ms,118.6
2026-07-22T11:11:00Z,partner-gateway,gateway_5xx_ratio,0.0019
2026-07-22T11:11:00Z,payment-refund-svc,refund_backlog_depth,593.9
2026-07-22T11:11:00Z,payment-refund-svc,refund_processed_per_min,0.0
2026-07-22T11:12:00Z,billing-api,refund_poll_latency_p95_ms,112.7
2026-07-22T11:12:00Z,partner-gateway,gateway_5xx_ratio,0.002
2026-07-22T11:12:00Z,payment-refund-svc,refund_backlog_depth,613.2
2026-07-22T11:12:00Z,payment-refund-svc,refund_processed_per_min,0.0
2026-07-22T11:13:00Z,billing-api,refund_poll_latency_p95_ms,111.2
2026-07-22T11:13:00Z,partner-gateway,gateway_5xx_ratio,0.002
2026-07-22T11:13:00Z,payment-refund-svc,refund_backlog_depth,665.8
2026-07-22T11:13:00Z,payment-refund-svc,refund_processed_per_min,0.0
2026-07-22T11:14:00Z,billing-api,refund_poll_latency_p95_ms,118.6
2026-07-22T11:14:00Z,partner-gateway,gateway_5xx_ratio,0.0019
2026-07-22T11:14:00Z,payment-refund-svc,refund_backlog_depth,703.6
2026-07-22T11:14:00Z,payment-refund-svc,refund_processed_per_min,0.0
2026-07-22T11:15:00Z,billing-api,refund_poll_latency_p95_ms,125.0
2026-07-22T11:15:00Z,partner-gateway,gateway_5xx_ratio,0.0019
2026-07-22T11:15:00Z,payment-refund-svc,refund_backlog_depth,839.6
2026-07-22T11:15:00Z,payment-refund-svc,refund_processed_per_min,0.0
2026-07-22T11:16:00Z,billing-api,refund_poll_latency_p95_ms,186.6
2026-07-22T11:16:00Z,partner-gateway,gateway_5xx_ratio,0.0021
2026-07-22T11:16:00Z,payment-refund-svc,refund_backlog_depth,864.0
2026-07-22T11:16:00Z,payment-refund-svc,refund_processed_per_min,0.0
2026-07-22T11:17:00Z,billing-api,refund_poll_latency_p95_ms,249.0
2026-07-22T11:17:00Z,partner-gateway,gateway_5xx_ratio,0.0022
2026-07-22T11:17:00Z,payment-refund-svc,refund_backlog_depth,934.9
2026-07-22T11:17:00Z,payment-refund-svc,refund_processed_per_min,0.0
2026-07-22T11:18:00Z,billing-api,refund_poll_latency_p95_ms,302.7
2026-07-22T11:18:00Z,partner-gateway,gateway_5xx_ratio,0.0018
2026-07-22T11:18:00Z,payment-refund-svc,refund_backlog_depth,974.5
2026-07-22T11:18:00Z,payment-refund-svc,refund_processed_per_min,0.0
2026-07-22T11:19:00Z,billing-api,refund_poll_latency_p95_ms,392.2
2026-07-22T11:19:00Z,partner-gateway,gateway_5xx_ratio,0.002
2026-07-22T11:19:00Z,payment-refund-svc,refund_backlog_depth,1097.5
2026-07-22T11:19:00Z,payment-refund-svc,refund_processed_per_min,0.0
2026-07-22T11:20:00Z,billing-api,refund_poll_latency_p95_ms,414.4
2026-07-22T11:20:00Z,partner-gateway,gateway_5xx_ratio,0.0021
2026-07-22T11:20:00Z,payment-refund-svc,refund_backlog_depth,1055.4
2026-07-22T11:20:00Z,payment-refund-svc,refund_processed_per_min,0.0
2026-07-22T11:21:00Z,billing-api,refund_poll_latency_p95_ms,512.7
2026-07-22T11:21:00Z,partner-gateway,gateway_5xx_ratio,0.0021
2026-07-22T11:21:00Z,payment-refund-svc,refund_backlog_depth,1140.9
2026-07-22T11:21:00Z,payment-refund-svc,refund_processed_per_min,0.0
2026-07-22T11:22:00Z,billing-api,refund_poll_latency_p95_ms,543.2
2026-07-22T11:22:00Z,partner-gateway,gateway_5xx_ratio,0.0022
2026-07-22T11:22:00Z,payment-refund-svc,refund_backlog_depth,1276.3
2026-07-22T11:22:00Z,payment-refund-svc,refund_processed_per_min,0.0
2026-07-22T11:23:00Z,billing-api,refund_poll_latency_p95_ms,651.9
2026-07-22T11:23:00Z,partner-gateway,gateway_5xx_ratio,0.0022
2026-07-22T11:23:00Z,payment-refund-svc,refund_backlog_depth,1305.7
2026-07-22T11:23:00Z,payment-refund-svc,refund_processed_per_min,0.0
2026-07-22T11:24:00Z,billing-api,refund_poll_latency_p95_ms,645.5
2026-07-22T11:24:00Z,partner-gateway,gateway_5xx_ratio,0.0022
2026-07-22T11:24:00Z,payment-refund-svc,refund_backlog_depth,1346.6
2026-07-22T11:24:00Z,payment-refund-svc,refund_processed_per_min,0.0
2026-07-22T11:25:00Z,billing-api,refund_poll_latency_p95_ms,704.6
2026-07-22T11:25:00Z,partner-gateway,gateway_5xx_ratio,0.0021
2026-07-22T11:25:00Z,payment-refund-svc,refund_backlog_depth,1389.4
2026-07-22T11:25:00Z,payment-refund-svc,refund_processed_per_min,0.0
2026-07-22T11:26:00Z,billing-api,refund_poll_latency_p95_ms,852.3
2026-07-22T11:26:00Z,partner-gateway,gateway_5xx_ratio,0.0019
2026-07-22T11:26:00Z,payment-refund-svc,refund_backlog_depth,1368.9
2026-07-22T11:26:00Z,payment-refund-svc,refund_processed_per_min,0.0
2026-07-22T11:27:00Z,billing-api,refund_poll_latency_p95_ms,801.7
2026-07-22T11:27:00Z,partner-gateway,gateway_5xx_ratio,0.0019
2026-07-22T11:27:00Z,payment-refund-svc,refund_backlog_depth,1551.7
2026-07-22T11:27:00Z,payment-refund-svc,refund_processed_per_min,0.0
2026-07-22T11:28:00Z,billing-api,refund_poll_latency_p95_ms,921.9
2026-07-22T11:28:00Z,partner-gateway,gateway_5xx_ratio,0.0021
2026-07-22T11:28:00Z,payment-refund-svc,refund_backlog_depth,1622.5
2026-07-22T11:28:00Z,payment-refund-svc,refund_processed_per_min,0.0
2026-07-22T11:29:00Z,billing-api,refund_poll_latency_p95_ms,944.8
2026-07-22T11:29:00Z,partner-gateway,gateway_5xx_ratio,0.0021
2026-07-22T11:29:00Z,payment-refund-svc,refund_backlog_depth,1675.3
2026-07-22T11:29:00Z,payment-refund-svc,refund_processed_per_min,0.0
2026-07-22T11:30:00Z,billing-api,refund_poll_latency_p95_ms,1061.9
2026-07-22T11:30:00Z,partner-gateway,gateway_5xx_ratio,0.002
2026-07-22T11:30:00Z,payment-refund-svc,refund_backlog_depth,1705.0
2026-07-22T11:30:00Z,payment-refund-svc,refund_processed_per_min,0.0
2026-07-22T11:31:00Z,billing-api,refund_poll_latency_p95_ms,1095.6
2026-07-22T11:31:00Z,partner-gateway,gateway_5xx_ratio,0.002
2026-07-22T11:31:00Z,payment-refund-svc,refund_backlog_depth,1644.3
2026-07-22T11:31:00Z,payment-refund-svc,refund_processed_per_min,0.0
2026-07-22T11:32:00Z,billing-api,refund_poll_latency_p95_ms,1103.5
2026-07-22T11:32:00Z,partner-gateway,gateway_5xx_ratio,0.0021
2026-07-22T11:32:00Z,payment-refund-svc,refund_backlog_depth,1867.7
2026-07-22T11:32:00Z,payment-refund-svc,refund_processed_per_min,0.0
2026-07-22T11:33:00Z,billing-api,refund_poll_latency_p95_ms,1181.8
2026-07-22T11:33:00Z,partner-gateway,gateway_5xx_ratio,0.002
2026-07-22T11:33:00Z,payment-refund-svc,refund_backlog_depth,1840.8
2026-07-22T11:33:00Z,payment-refund-svc,refund_processed_per_min,0.0
2026-07-22T11:34:00Z,billing-api,refund_poll_latency_p95_ms,1215.0
2026-07-22T11:34:00Z,partner-gateway,gateway_5xx_ratio,0.0019
2026-07-22T11:34:00Z,payment-refund-svc,refund_backlog_depth,1830.5
2026-07-22T11:34:00Z,payment-refund-svc,refund_processed_per_min,0.0
2026-07-22T11:35:00Z,billing-api,refund_poll_latency_p95_ms,1470.1
2026-07-22T11:35:00Z,partner-gateway,gateway_5xx_ratio,0.0018
2026-07-22T11:35:00Z,payment-refund-svc,refund_backlog_depth,1984.8
2026-07-22T11:35:00Z,payment-refund-svc,refund_processed_per_min,0.0
2026-07-22T11:36:00Z,billing-api,refund_poll_latency_p95_ms,1426.0
2026-07-22T11:36:00Z,partner-gateway,gateway_5xx_ratio,0.0022
2026-07-22T11:36:00Z,payment-refund-svc,refund_backlog_depth,2124.7
2026-07-22T11:36:00Z,payment-refund-svc,refund_processed_per_min,0.0
2026-07-22T11:37:00Z,billing-api,refund_poll_latency_p95_ms,1386.1
2026-07-22T11:37:00Z,partner-gateway,gateway_5xx_ratio,0.002
2026-07-22T11:37:00Z,payment-refund-svc,refund_backlog_depth,2011.0
2026-07-22T11:37:00Z,payment-refund-svc,refund_processed_per_min,0.0
2026-07-22T11:38:00Z,billing-api,refund_poll_latency_p95_ms,1675.5
2026-07-22T11:38:00Z,partner-gateway,gateway_5xx_ratio,0.0021
2026-07-22T11:38:00Z,payment-refund-svc,refund_backlog_depth,2148.8
2026-07-22T11:38:00Z,payment-refund-svc,refund_processed_per_min,0.0
2026-07-22T11:39:00Z,billing-api,refund_poll_latency_p95_ms,1498.9
2026-07-22T11:39:00Z,partner-gateway,gateway_5xx_ratio,0.0021
2026-07-22T11:39:00Z,payment-refund-svc,refund_backlog_depth,2260.5
2026-07-22T11:39:00Z,payment-refund-svc,refund_processed_per_min,0.0
2026-07-22T11:40:00Z,billing-api,refund_poll_latency_p95_ms,1710.3
2026-07-22T11:40:00Z,partner-gateway,gateway_5xx_ratio,0.0019
2026-07-22T11:40:00Z,payment-refund-svc,refund_backlog_depth,2159.1
2026-07-22T11:40:00Z,payment-refund-svc,refund_processed_per_min,0.0
2026-07-22T11:41:00Z,billing-api,refund_poll_latency_p95_ms,1656.5
2026-07-22T11:41:00Z,partner-gateway,gateway_5xx_ratio,0.0021
2026-07-22T11:41:00Z,payment-refund-svc,refund_backlog_depth,2210.0
2026-07-22T11:41:00Z,payment-refund-svc,refund_processed_per_min,0.0
2026-07-22T11:42:00Z,billing-api,refund_poll_latency_p95_ms,1858.2
2026-07-22T11:42:00Z,partner-gateway,gateway_5xx_ratio,0.0021
2026-07-22T11:42:00Z,payment-refund-svc,refund_backlog_depth,2515.2
2026-07-22T11:42:00Z,payment-refund-svc,refund_processed_per_min,0.0
2026-07-22T11:43:00Z,billing-api,refund_poll_latency_p95_ms,1891.7
2026-07-22T11:43:00Z,partner-gateway,gateway_5xx_ratio,0.0019
2026-07-22T11:43:00Z,payment-refund-svc,refund_backlog_depth,2385.2
2026-07-22T11:43:00Z,payment-refund-svc,refund_processed_per_min,0.0
2026-07-22T11:44:00Z,billing-api,refund_poll_latency_p95_ms,1830.6
2026-07-22T11:44:00Z,partner-gateway,gateway_5xx_ratio,0.0022
2026-07-22T11:44:00Z,payment-refund-svc,refund_backlog_depth,2440.2
2026-07-22T11:44:00Z,payment-refund-svc,refund_processed_per_min,0.0
2026-07-22T11:45:00Z,billing-api,refund_poll_latency_p95_ms,2089.4
2026-07-22T11:45:00Z,partner-gateway,gateway_5xx_ratio,0.0022
2026-07-22T11:45:00Z,payment-refund-svc,refund_backlog_depth,2580.4
2026-07-22T11:45:00Z,payment-refund-svc,refund_processed_per_min,0.0
2026-07-22T11:46:00Z,billing-api,refund_poll_latency_p95_ms,2023.3
2026-07-22T11:46:00Z,partner-gateway,gateway_5xx_ratio,0.0021
2026-07-22T11:46:00Z,payment-refund-svc,refund_backlog_depth,2707.9
2026-07-22T11:46:00Z,payment-refund-svc,refund_processed_per_min,0.0
2026-07-22T11:47:00Z,billing-api,refund_poll_latency_p95_ms,1985.1
2026-07-22T11:47:00Z,partner-gateway,gateway_5xx_ratio,0.0019
2026-07-22T11:47:00Z,payment-refund-svc,refund_backlog_depth,2693.3
2026-07-22T11:47:00Z,payment-refund-svc,refund_processed_per_min,0.0
2026-07-22T11:48:00Z,billing-api,refund_poll_latency_p95_ms,2133.6
2026-07-22T11:48:00Z,partner-gateway,gateway_5xx_ratio,0.0019
2026-07-22T11:48:00Z,payment-refund-svc,refund_backlog_depth,2686.8
2026-07-22T11:48:00Z,payment-refund-svc,refund_processed_per_min,0.0
2026-07-22T11:49:00Z,billing-api,refund_poll_latency_p95_ms,2227.5
2026-07-22T11:49:00Z,partner-gateway,gateway_5xx_ratio,0.0019
2026-07-22T11:49:00Z,payment-refund-svc,refund_backlog_depth,2639.5
2026-07-22T11:49:00Z,payment-refund-svc,refund_processed_per_min,0.0
2026-07-22T11:50:00Z,billing-api,refund_poll_latency_p95_ms,2234.1
2026-07-22T11:50:00Z,partner-gateway,gateway_5xx_ratio,0.0022
2026-07-22T11:50:00Z,payment-refund-svc,refund_backlog_depth,2992.7
2026-07-22T11:50:00Z,payment-refund-svc,refund_processed_per_min,0.0
2026-07-22T11:51:00Z,billing-api,refund_poll_latency_p95_ms,2339.6
2026-07-22T11:51:00Z,partner-gateway,gateway_5xx_ratio,0.0021
2026-07-22T11:51:00Z,payment-refund-svc,refund_backlog_depth,3076.1
2026-07-22T11:51:00Z,payment-refund-svc,refund_processed_per_min,0.0
2026-07-22T11:52:00Z,billing-api,refund_poll_latency_p95_ms,2488.4
2026-07-22T11:52:00Z,partner-gateway,gateway_5xx_ratio,0.0019
2026-07-22T11:52:00Z,payment-refund-svc,refund_backlog_depth,2944.1
2026-07-22T11:52:00Z,payment-refund-svc,refund_processed_per_min,0.0
2026-07-22T11:53:00Z,billing-api,refund_poll_latency_p95_ms,2623.2
2026-07-22T11:53:00Z,partner-gateway,gateway_5xx_ratio,0.0021
2026-07-22T11:53:00Z,payment-refund-svc,refund_backlog_depth,2985.9
2026-07-22T11:53:00Z,payment-refund-svc,refund_processed_per_min,0.0
2026-07-22T11:54:00Z,billing-api,refund_poll_latency_p95_ms,2680.7
2026-07-22T11:54:00Z,partner-gateway,gateway_5xx_ratio,0.0022
2026-07-22T11:54:00Z,payment-refund-svc,refund_backlog_depth,2939.0
2026-07-22T11:54:00Z,payment-refund-svc,refund_processed_per_min,0.0
2026-07-22T11:55:00Z,billing-api,refund_poll_latency_p95_ms,2538.3
2026-07-22T11:55:00Z,partner-gateway,gateway_5xx_ratio,0.0018
2026-07-22T11:55:00Z,payment-refund-svc,refund_backlog_depth,3122.2
2026-07-22T11:55:00Z,payment-refund-svc,refund_processed_per_min,0.0
2026-07-22T11:56:00Z,billing-api,refund_poll_latency_p95_ms,2481.6
2026-07-22T11:56:00Z,partner-gateway,gateway_5xx_ratio,0.0021
2026-07-22T11:56:00Z,payment-refund-svc,refund_backlog_depth,3216.6
2026-07-22T11:56:00Z,payment-refund-svc,refund_processed_per_min,0.0
2026-07-22T11:57:00Z,billing-api,refund_poll_latency_p95_ms,2862.9
2026-07-22T11:57:00Z,partner-gateway,gateway_5xx_ratio,0.0021
2026-07-22T11:57:00Z,payment-refund-svc,refund_backlog_depth,3141.0
2026-07-22T11:57:00Z,payment-refund-svc,refund_processed_per_min,0.0
2026-07-22T11:58:00Z,billing-api,refund_poll_latency_p95_ms,2647.2
2026-07-22T11:58:00Z,partner-gateway,gateway_5xx_ratio,0.0019
2026-07-22T11:58:00Z,payment-refund-svc,refund_backlog_depth,3170.2
2026-07-22T11:58:00Z,payment-refund-svc,refund_processed_per_min,0.0
2026-07-22T11:59:00Z,billing-api,refund_poll_latency_p95_ms,2732.3
2026-07-22T11:59:00Z,partner-gateway,gateway_5xx_ratio,0.002
2026-07-22T11:59:00Z,payment-refund-svc,refund_backlog_depth,3305.6
2026-07-22T11:59:00Z,payment-refund-svc,refund_processed_per_min,0.0
2026-07-22T12:00:00Z,billing-api,refund_poll_latency_p95_ms,2769.0
2026-07-22T12:00:00Z,partner-gateway,gateway_5xx_ratio,0.0022
2026-07-22T12:00:00Z,payment-refund-svc,refund_backlog_depth,3295.1
2026-07-22T12:00:00Z,payment-refund-svc,refund_processed_per_min,0.0
2026-07-22T12:01:00Z,billing-api,refund_poll_latency_p95_ms,2752.3
2026-07-22T12:01:00Z,partner-gateway,gateway_5xx_ratio,0.002
2026-07-22T12:01:00Z,payment-refund-svc,refund_backlog_depth,3495.0
2026-07-22T12:01:00Z,payment-refund-svc,refund_processed_per_min,0.0
2026-07-22T12:02:00Z,billing-api,refund_poll_latency_p95_ms,2834.5
2026-07-22T12:02:00Z,partner-gateway,gateway_5xx_ratio,0.0021
2026-07-22T12:02:00Z,payment-refund-svc,refund_backlog_depth,3640.5
2026-07-22T12:02:00Z,payment-refund-svc,refund_processed_per_min,0.0
2026-07-22T12:03:00Z,billing-api,refund_poll_latency_p95_ms,3169.0
2026-07-22T12:03:00Z,partner-gateway,gateway_5xx_ratio,0.0021
2026-07-22T12:03:00Z,payment-refund-svc,refund_backlog_depth,3467.7
2026-07-22T12:03:00Z,payment-refund-svc,refund_processed_per_min,0.0
2026-07-22T12:04:00Z,billing-api,refund_poll_latency_p95_ms,3260.1
2026-07-22T12:04:00Z,partner-gateway,gateway_5xx_ratio,0.0021
2026-07-22T12:04:00Z,payment-refund-svc,refund_backlog_depth,3741.2
2026-07-22T12:04:00Z,payment-refund-svc,refund_processed_per_min,0.0
2026-07-22T12:05:00Z,billing-api,refund_poll_latency_p95_ms,3325.9
2026-07-22T12:05:00Z,partner-gateway,gateway_5xx_ratio,0.0019
2026-07-22T12:05:00Z,payment-refund-svc,refund_backlog_depth,3820.7
2026-07-22T12:05:00Z,payment-refund-svc,refund_processed_per_min,0.0
2026-07-22T12:06:00Z,billing-api,refund_poll_latency_p95_ms,3108.4
2026-07-22T12:06:00Z,partner-gateway,gateway_5xx_ratio,0.0022
2026-07-22T12:06:00Z,payment-refund-svc,refund_backlog_depth,3615.8
2026-07-22T12:06:00Z,payment-refund-svc,refund_processed_per_min,0.0
2026-07-22T12:07:00Z,billing-api,refund_poll_latency_p95_ms,3592.5
2026-07-22T12:07:00Z,partner-gateway,gateway_5xx_ratio,0.0019
2026-07-22T12:07:00Z,payment-refund-svc,refund_backlog_depth,3964.3
2026-07-22T12:07:00Z,payment-refund-svc,refund_processed_per_min,0.0
2026-07-22T12:08:00Z,billing-api,refund_poll_latency_p95_ms,3300.3
2026-07-22T12:08:00Z,partner-gateway,gateway_5xx_ratio,0.0019
2026-07-22T12:08:00Z,payment-refund-svc,refund_backlog_depth,4099.2
2026-07-22T12:08:00Z,payment-refund-svc,refund_processed_per_min,0.0
2026-07-22T12:09:00Z,billing-api,refund_poll_latency_p95_ms,3486.7
2026-07-22T12:09:00Z,partner-gateway,gateway_5xx_ratio,0.0019
2026-07-22T12:09:00Z,payment-refund-svc,refund_backlog_depth,3835.0
2026-07-22T12:09:00Z,payment-refund-svc,refund_processed_per_min,0.0
2026-07-22T12:10:00Z,billing-api,refund_poll_latency_p95_ms,3525.7
2026-07-22T12:10:00Z,partner-gateway,gateway_5xx_ratio,0.002
2026-07-22T12:10:00Z,payment-refund-svc,refund_backlog_depth,4113.9
2026-07-22T12:10:00Z,payment-refund-svc,refund_processed_per_min,0.0
2026-07-22T12:11:00Z,billing-api,refund_poll_latency_p95_ms,3511.7
2026-07-22T12:11:00Z,partner-gateway,gateway_5xx_ratio,0.0021
2026-07-22T12:11:00Z,payment-refund-svc,refund_backlog_depth,4041.1
2026-07-22T12:11:00Z,payment-refund-svc,refund_processed_per_min,0.0
2026-07-22T12:12:00Z,billing-api,refund_poll_latency_p95_ms,3813.7
2026-07-22T12:12:00Z,partner-gateway,gateway_5xx_ratio,0.0021
2026-07-22T12:12:00Z,payment-refund-svc,refund_backlog_depth,4066.6
2026-07-22T12:12:00Z,payment-refund-svc,refund_processed_per_min,0.0
2026-07-22T12:13:00Z,billing-api,refund_poll_latency_p95_ms,3853.3
2026-07-22T12:13:00Z,partner-gateway,gateway_5xx_ratio,0.0021
2026-07-22T12:13:00Z,payment-refund-svc,refund_backlog_depth,4404.1
2026-07-22T12:13:00Z,payment-refund-svc,refund_processed_per_min,0.0
2026-07-22T12:14:00Z,billing-api,refund_poll_latency_p95_ms,4103.7
2026-07-22T12:14:00Z,partner-gateway,gateway_5xx_ratio,0.0022
2026-07-22T12:14:00Z,payment-refund-svc,refund_backlog_depth,4215.5
2026-07-22T12:14:00Z,payment-refund-svc,refund_processed_per_min,0.0
2026-07-22T12:15:00Z,billing-api,refund_poll_latency_p95_ms,3859.0
2026-07-22T12:15:00Z,partner-gateway,gateway_5xx_ratio,0.0022
2026-07-22T12:15:00Z,payment-refund-svc,refund_backlog_depth,4157.7
2026-07-22T12:15:00Z,payment-refund-svc,refund_processed_per_min,0.0
2026-07-22T12:16:00Z,billing-api,refund_poll_latency_p95_ms,3617.1
2026-07-22T12:16:00Z,partner-gateway,gateway_5xx_ratio,0.0019
2026-07-22T12:16:00Z,payment-refund-svc,refund_backlog_depth,4422.5
2026-07-22T12:16:00Z,payment-refund-svc,refund_processed_per_min,0.0
2026-07-22T12:17:00Z,billing-api,refund_poll_latency_p95_ms,3702.1
2026-07-22T12:17:00Z,partner-gateway,gateway_5xx_ratio,0.002
2026-07-22T12:17:00Z,payment-refund-svc,refund_backlog_depth,4623.7
2026-07-22T12:17:00Z,payment-refund-svc,refund_processed_per_min,0.0
2026-07-22T12:18:00Z,billing-api,refund_poll_latency_p95_ms,4078.6
2026-07-22T12:18:00Z,partner-gateway,gateway_5xx_ratio,0.002
2026-07-22T12:18:00Z,payment-refund-svc,refund_backlog_depth,4560.7
2026-07-22T12:18:00Z,payment-refund-svc,refund_processed_per_min,0.0
2026-07-22T12:19:00Z,billing-api,refund_poll_latency_p95_ms,3913.0
2026-07-22T12:19:00Z,partner-gateway,gateway_5xx_ratio,0.002
2026-07-22T12:19:00Z,payment-refund-svc,refund_backlog_depth,4537.9
2026-07-22T12:19:00Z,payment-refund-svc,refund_processed_per_min,0.0
2026-07-22T12:20:00Z,billing-api,refund_poll_latency_p95_ms,4402.3
2026-07-22T12:20:00Z,partner-gateway,gateway_5xx_ratio,0.0021
2026-07-22T12:20:00Z,payment-refund-svc,refund_backlog_depth,4869.3
2026-07-22T12:20:00Z,payment-refund-svc,refund_processed_per_min,0.0
2026-07-22T12:21:00Z,billing-api,refund_poll_latency_p95_ms,4146.4
2026-07-22T12:21:00Z,partner-gateway,gateway_5xx_ratio,0.0021
2026-07-22T12:21:00Z,payment-refund-svc,refund_backlog_depth,4590.1
2026-07-22T12:21:00Z,payment-refund-svc,refund_processed_per_min,0.0
2026-07-22T12:22:00Z,billing-api,refund_poll_latency_p95_ms,4068.0
2026-07-22T12:22:00Z,partner-gateway,gateway_5xx_ratio,0.0021
2026-07-22T12:22:00Z,payment-refund-svc,refund_backlog_depth,4898.0
2026-07-22T12:22:00Z,payment-refund-svc,refund_processed_per_min,0.0
2026-07-22T12:23:00Z,billing-api,refund_poll_latency_p95_ms,4480.9
2026-07-22T12:23:00Z,partner-gateway,gateway_5xx_ratio,0.0022
2026-07-22T12:23:00Z,payment-refund-svc,refund_backlog_depth,4974.8
2026-07-22T12:23:00Z,payment-refund-svc,refund_processed_per_min,0.0
2026-07-22T12:24:00Z,billing-api,refund_poll_latency_p95_ms,4449.5
2026-07-22T12:24:00Z,partner-gateway,gateway_5xx_ratio,0.0019
2026-07-22T12:24:00Z,payment-refund-svc,refund_backlog_depth,4841.8
2026-07-22T12:24:00Z,payment-refund-svc,refund_processed_per_min,0.0
2026-07-22T12:25:00Z,billing-api,refund_poll_latency_p95_ms,4188.7
2026-07-22T12:25:00Z,partner-gateway,gateway_5xx_ratio,0.0022
2026-07-22T12:25:00Z,payment-refund-svc,refund_backlog_depth,4874.3
2026-07-22T12:25:00Z,payment-refund-svc,refund_processed_per_min,0.0
2026-07-22T12:26:00Z,billing-api,refund_poll_latency_p95_ms,4348.0
2026-07-22T12:26:00Z,partner-gateway,gateway_5xx_ratio,0.0019
2026-07-22T12:26:00Z,payment-refund-svc,refund_backlog_depth,4903.9
2026-07-22T12:26:00Z,payment-refund-svc,refund_processed_per_min,0.0
2026-07-22T12:27:00Z,billing-api,refund_poll_latency_p95_ms,4929.8
2026-07-22T12:27:00Z,partner-gateway,gateway_5xx_ratio,0.0019
2026-07-22T12:27:00Z,payment-refund-svc,refund_backlog_depth,4956.8
2026-07-22T12:27:00Z,payment-refund-svc,refund_processed_per_min,0.0
2026-07-22T12:28:00Z,billing-api,refund_poll_latency_p95_ms,4822.2
2026-07-22T12:28:00Z,partner-gateway,gateway_5xx_ratio,0.0019
2026-07-22T12:28:00Z,payment-refund-svc,refund_backlog_depth,5307.9
2026-07-22T12:28:00Z,payment-refund-svc,refund_processed_per_min,0.0
2026-07-22T12:29:00Z,billing-api,refund_poll_latency_p95_ms,5014.4
2026-07-22T12:29:00Z,partner-gateway,gateway_5xx_ratio,0.0019
2026-07-22T12:29:00Z,payment-refund-svc,refund_backlog_depth,5096.7
2026-07-22T12:29:00Z,payment-refund-svc,refund_processed_per_min,0.0
2026-07-22T12:30:00Z,billing-api,refund_poll_latency_p95_ms,4541.9
2026-07-22T12:30:00Z,partner-gateway,gateway_5xx_ratio,0.0019
2026-07-22T12:30:00Z,payment-refund-svc,refund_backlog_depth,5035.7
2026-07-22T12:30:00Z,payment-refund-svc,refund_processed_per_min,0.0
